bootstrap_id,mae,rmse,r2
0,2.311465241544203,2.7333033838495138,0.02363237888411618
1,2.084394149913628,2.633930788800563,0.02452597761962616
2,2.4929871686690865,3.0922423495021296,0.017602081145461135
3,2.4776874626749796,3.0475004633903624,-0.0006942387567574482
4,2.216208523896954,2.721315408189972,-0.007180325178441693
5,2.2774815625429863,2.8074643498189524,0.013279151284822377
6,2.313006768090168,2.8606998625369493,0.023206344152453817
7,2.361560046367875,2.856353472206976,-0.005639927215732143
8,2.4496014259880594,2.956910952806929,0.02494134143844373
9,2.404338681506549,2.9073838906926324,0.014133308653192844
10,2.4904032737746746,2.938401779434775,0.008414607290235687
11,2.3474463065065097,2.90551243147717,-0.028270353701665085
12,2.312090629535446,2.8418541815950213,0.018496816708653108
13,2.3691977522992462,2.9031504529678664,0.015019794843066925
14,2.50008040372045,2.9807423979904506,0.010106590827083428
15,2.4474409972619338,2.992664269860041,0.029446238934319302
16,2.2448353223489477,2.780512831238792,0.012714518321814694
17,2.40756211426084,2.8918490753146533,0.02174781536190118
18,2.455611984420837,2.98836469307423,0.007728028324607061
19,2.290403038745737,2.8936661117291864,0.0012830740866848211
20,2.435468636283856,3.018583188146439,0.005801648250104985
21,2.439121760651706,2.9280976157600835,-0.011605853776185615
22,2.371386439546876,2.984865045779738,0.029016508299555155
23,2.384606594276018,2.893702473698543,0.01022486029873515
24,2.296892603383485,2.8544804293331354,0.0262319183484766
25,2.4890182059497397,3.060043590938823,-0.0031111405513235546
26,2.2307841573616765,2.7450378992007187,0.002588326778212635
27,2.492226559601997,3.0041370215461236,-0.0018072715176231657
28,2.422593898401677,2.867637881140696,0.010965117152157533
29,2.473567328068585,3.0165294617042133,-0.016240668028961736
30,2.2746339258587382,2.7992303948362087,-0.009053441126764872
31,2.4907658564414,3.0314719122746805,-0.0016091227904033722
32,2.342838832946613,2.8943378199423497,0.00843335424522862
33,2.210859070723342,2.741455084327714,0.009334205053253886
34,2.1980191846273462,2.674716000602487,-0.01922234757397967
35,2.2036912965233144,2.697693548535085,0.005639783677839905
36,2.3440739823096437,2.863379920833882,0.0022660482739682575
37,2.3711782405546216,2.916755944229413,0.03463753228706823
38,2.305001356286882,2.896069058751391,0.006351811251927075
39,2.3664341313877855,2.871543501606256,0.015768937159805874
40,2.4677268786507094,2.9872753951026243,0.012469378824553345
41,2.3769228466088053,2.919325871483249,0.0017051751882802835
42,2.30622648081434,2.8131369701344324,0.011836246632369485
43,2.423563976937592,2.9588873335618007,0.005783301307455191
44,2.4279245028909844,2.9693697495998372,0.021625780009527307
45,2.396431342245756,2.877949212087588,0.005550318955731215
46,2.2353545297457127,2.7641512949088867,0.02846492074765583
47,2.3852814555707207,2.9083265484376613,0.018874581460054607
48,2.3385961599426537,2.902450869467288,0.018591168147973125
49,2.421003869120559,2.984687921703453,0.019333357487104963
50,2.519697938731828,3.0981444080396705,0.029412731427089778
51,2.2642890282817505,2.766129195694255,0.014398515148662638
52,2.4716974277431722,2.954765357683672,-0.003088499465456751
53,2.380154962081552,2.9269311301199683,-0.016771709864704
54,2.4499102050580603,2.93073228075718,-0.004346626154787092
55,2.138495296114356,2.622439285841799,0.01303658472053948
56,2.229296515467459,2.8172510497431733,0.028524097576680396
57,2.355616670199034,2.9202347683154803,0.022830404823407258
58,2.322501726937431,2.797478667827433,0.022741057497786987
59,2.4771585462458443,2.943879512460203,-0.005448204310109173
60,2.3115711477483125,2.794878455707171,0.012680470482642647
61,2.3810834178193696,2.871799738094167,0.033772549152479736
62,2.3980906339249453,2.906674447846363,0.02437542874108345
63,2.026352667318366,2.5639811809672692,0.009668859961163845
64,2.519540137664622,3.0443554459271036,0.019310934634201526
65,2.3344898084663015,2.8756644144270993,0.02400848270416256
66,2.462347874416971,2.956414131212278,0.029317724820289826
67,2.430044135355944,2.924507580620921,-0.00759663877492045
68,2.395999171487956,2.898308838415245,0.016625879028126733
69,2.504785147979949,3.0244729009711673,0.0009598385630082973
70,2.374530320352447,2.9135392194457004,0.0013868035139527057
71,2.1899494901593615,2.7507930489905195,0.014238007084405369
72,2.4230166889631146,3.0028647641687187,0.026979817495186853
73,2.1953363608770218,2.7452041353587195,0.017086234051326032
74,2.2973662500596292,2.8270154014518654,-0.008427657264752808
75,2.390206896676747,2.918202776380978,0.022274501613487208
76,2.4397857842308395,2.943587876261826,0.016866125974799306
77,2.5407001442308426,3.010450503996354,0.018586661100968627
78,2.3778503481247215,2.915370237354737,-0.013841485946249232
79,2.4751188710971235,3.02413090498796,-0.011868393855268167
80,2.342920479444598,2.8624392402836643,0.013622419291197896
81,2.2194929032409627,2.736922642304452,0.0005328189533092553
82,2.197295149193601,2.7207887213876405,-0.007696720925953082
83,2.3806307574644148,2.941473000060316,-0.00041396479620003923
84,2.443683439633502,2.9608459603286637,-0.0294045741731237
85,2.3015148669368504,2.806014176356567,0.010567328578029112
86,2.2368843070317848,2.7680138303853945,0.024864363201044792
87,2.467331502339738,3.0079200492953047,-0.01497122598106193
88,2.4138706379413204,2.9877939062819125,0.005353329244945582
89,2.35628074621953,2.837217099977052,0.023428007815536223
90,2.292064120500162,2.7593709122239716,0.002794608878108562
91,2.2721459875429075,2.793624348528504,0.010859750908932098
92,2.478337897805982,3.0072838795214594,0.02022656553613189
93,2.36993517676752,2.9041612416719476,-0.01939795602918193
94,2.252298977049873,2.747935602801207,0.019275236804055185
95,2.5185950028999358,3.0109420536970144,-0.003607223359258116
96,2.3888140171220558,2.950228554348744,0.010804215974230202
97,2.3809643252683617,2.888334530979584,-0.0020745202239447202
98,2.4203739825293398,2.932130350198845,0.009377165540588983
99,2.4131868268784378,2.9441481565577274,-0.0035953423642121063
100,2.1497202385114007,2.749750170797157,0.01222705074212671
101,2.2516560101615215,2.7483980266772217,0.010657964119109242
102,2.2840137774104514,2.8381166340890642,0.023374742946409843
103,2.369931663555792,2.886301065779955,-0.007740939924237855
104,2.318610139595507,2.8745769300657504,0.024227581220638728
105,2.298711478966209,2.7973567096887972,0.015727115800595493
106,2.351177789104214,2.9255632643798153,0.02268139931816382
107,2.2370835807488967,2.818645614005917,0.020458990295043056
108,2.2497094500572152,2.7651543212820386,0.023133781707935674
109,2.373087655013211,2.870946714083564,0.0137187797002436
110,2.4595412798925187,2.9488782918037457,-0.01631358012747275
111,2.4152309375060526,2.9846628070536343,0.012970851146267504
112,2.509981288710845,3.038909451844211,0.021419666744768695
113,2.460575601383609,2.9996694758613884,0.008805166750536109
114,2.34803200537474,2.9269154922344125,-0.02950691686231366
115,2.3729762068172815,2.89911348868906,0.0036100527208509092
116,2.5217774692966306,3.053489702597133,-0.008438693668489705
117,2.4545773974722302,2.961310757498025,0.009931616026795487
118,2.449817898218408,2.9130175487025953,0.0018697056955058189
119,2.334698698086259,2.841223312811609,-0.013546644541754027
120,2.2096235752959306,2.712724254726743,0.008775848386452956
121,2.42908149559543,2.986133275900008,0.0004506646560374916
122,2.22316422337236,2.8205448185772046,0.016941672548902553
123,2.351553701590016,2.9107190911496197,0.015321141024462692
124,2.4746710373200482,3.014439968508001,0.004726285333973346
125,2.4147299498306043,2.982953452626172,0.03125701304704154
126,2.249784286889866,2.7281340959008387,0.006074874681440967
127,2.379707898811626,2.9149811491733537,0.015375120651314966
128,2.354474341136789,2.8717660768706725,0.018001463117313432
129,2.226082825316383,2.649327295218033,0.025854456571843043
130,2.272381258896725,2.8275326003068035,0.01567204963837976
131,2.4278628953927894,3.029784426622857,0.019902429856692105
132,2.3712488170620616,2.913729212197101,0.0032539042926824635
133,2.303173300805075,2.841932018610824,0.025238933628450977
134,2.573048970122396,3.1233908400024735,-0.01754343770512823
135,2.3542599622908074,2.912056273754697,0.00014037826316182223
136,2.520461476416374,3.0071164018114924,0.0010380528585983706
137,2.256569021060377,2.742262497882686,0.017697796125305976
138,2.275278232514963,2.746625852288001,0.04072943000858087
139,2.4261420590887663,2.961587855342611,-0.002677548289899967
140,2.2664838629824393,2.758361245120594,0.0002757708527210134
141,2.5114018462830705,3.0180230539118296,-0.005850656134756438
142,2.485261888266956,3.048316687075391,0.020718936850365077
143,2.2012880881064323,2.6705249068392494,0.028830273945297802
144,2.45696614096513,2.9862267532803384,0.011452423023539104
145,2.467477587480625,3.0826658356558534,-0.0057872339367814885
146,2.279746628750742,2.8879926725601845,-0.005542699330044476
147,2.4798571439783377,3.0638494749665126,-0.020668557870916926
148,2.3292599985474274,2.8228213885281197,0.004967892719454525
149,2.556859737852243,3.1392044838917523,-0.0011049866429473365
150,2.459086540791388,2.9701888304976647,0.009069166918730387
151,2.2541403081152054,2.8147250063640987,0.013243903560593906
152,2.500091374378539,3.0236472278572015,-0.015117797956624157
153,2.3533849442026926,2.8238924156138743,0.011074154649055923
154,2.3477191135256894,2.8542361773495695,0.005356062026202535
155,2.3078607789758765,2.7895945648622154,0.011229333212387616
156,2.3287650453493467,2.858965449016841,0.008023025150479257
157,2.4945155830356094,3.06710282720906,0.011542146926765251
158,2.4897843171056797,3.048670495550802,-0.005398804184360673
159,2.5717623206163656,3.135578228290572,-0.01132493553847369
160,2.2862905535483327,2.8465383461711324,0.022583748382025703
161,2.4509363916236775,2.9791359996864966,0.019587227327395484
162,2.2615755239050968,2.8717257291257745,-0.008486579873116407
163,2.4266768105103447,2.9456825244245084,-0.0011318022574533515
164,2.6044134423124614,3.1591731978613558,0.016167306640683554
165,2.3312748857750356,2.8965022039671253,0.009673876398801351
166,2.4620324205034048,2.9714160639383542,0.01736686078105587
167,2.245613659266276,2.8040176869240017,0.01585281668699201
168,2.2365733224335727,2.7590828194923316,0.01120745679195112
169,2.482808988386273,3.0232187520694778,0.005383769151601325
170,2.531566322140159,3.0900433714714683,-0.004184981652080033
171,2.437546756632058,2.9110520143258087,0.0020462774847676
172,2.454996283667329,2.986445752181879,0.018590833568189913
173,2.3789152221683394,2.8613481513629964,0.0127669090036584
174,2.147539401321333,2.6299416521704035,0.008439992200646618
175,2.2603928492288134,2.7693018817455117,0.016120344843690848
176,2.478236855777118,3.0069731159383966,0.004686117652531019
177,2.4374437272863454,3.024781822022715,0.019953502127854628
178,2.320888613741833,2.8040413926869046,0.007992831088142638
179,2.1857304945449822,2.724909493214643,0.021352057541112135
180,2.4242676316846192,2.9053490946162515,-0.006075365509829789
181,2.29931857305425,2.840795413804692,-0.002739702097289687
182,2.3221320321073673,2.8731367267775214,0.018999339428520612
183,2.4198728991667946,2.9506642069777174,-0.005961087207098759
184,2.5020422606821824,3.0336119428625956,0.03421655166709414
185,2.5270313080677265,3.0246864449365805,0.004712806684109672
186,2.3475454410616665,2.8186250390367107,-0.0067453818558411704
187,2.3353104586167652,2.848156444418817,0.002600534740515914
188,2.469110574724483,3.0211068867900233,-0.0027672048045030984
189,2.244803179676119,2.7741522405178705,0.02695365812772943
190,2.2265635771259324,2.7820821408945555,-0.00872214239090452
191,2.5216011840810384,3.004477055520482,-0.005142713731904891
192,2.4589418869604867,2.9852742074030747,0.0033083758552912013
193,2.558862324592519,3.044355214745906,0.006746269121959081
194,2.181466757767816,2.6828849091187483,0.008418202826720012
195,2.2967630273509645,2.774495176214255,0.028292326667872625
196,2.314322087459708,2.8008360237018652,0.002208311040891253
197,2.2429722224547954,2.761448085163786,0.013413313782339453
198,2.560208656285613,3.0959912777324656,0.027602814109973783
199,2.274301942553487,2.805039758553595,-0.0022793945377090896
200,2.425332201207208,2.989939150808356,0.011869774155870427
201,2.208664069751248,2.717862356900086,0.03829743521350759
202,2.2794565787452976,2.7617717165629077,-0.0009442927988161376
203,2.373998236516235,2.893902133647671,-0.016849885567030043
204,2.3370015391862458,2.8480043320595017,0.0030033143351315683
205,2.444540297540731,3.0042760773805472,0.007368823680662717
206,2.492166415991973,3.0305716471041,0.019303195282015406
207,2.5065480172645827,3.081616194874329,-0.0024358200214711356
208,2.3984732445897237,2.8898537505864543,0.0018692205911163828
209,2.356801839008687,2.899508612598514,-0.0013383064420109392
210,2.1814531995057638,2.7856002508793556,0.002149942252394288
211,2.255774166428546,2.779488972924446,0.011929362423793943
212,2.291623497074153,2.76888085681873,0.0010310212013558973
213,2.268370257867963,2.835793129591119,0.026214583321100382
214,2.3207808589146577,2.9026667136892894,-0.0077455182968431124
215,2.1196444349658856,2.694413230841792,0.0020958799603140177
216,2.168477699997363,2.6565348088483622,0.043470654945242826
217,2.5289860370547568,3.027379095725538,-0.0040023382612162095
218,2.3826077675200836,2.906498214568314,0.037608522769680186
219,2.2511649793658015,2.8125549666161134,0.003593441519340268
220,2.2933055330126155,2.8514500836056933,0.0006532701092006876
221,2.367615068742286,2.8629073823197895,0.009849343274093814
222,2.439440463597812,2.913387934431798,-0.02192754122079399
223,2.2611181094618433,2.8219150266214146,0.01112480091199386
224,2.5178957906373056,3.063233105934654,-0.01874456292141846
225,2.2363946139177444,2.6963338695729653,0.02559174039923018
226,2.4589596938789717,2.970800448548073,-0.006566163729934793
227,2.1033935710165923,2.6130281151431256,-0.012877347893351265
228,2.281092302597313,2.802997585749726,0.009553909063431232
229,2.17833855906703,2.721789037271604,0.010794436468413715
230,2.291383352054462,2.7965179288814705,-0.005428060074329943
231,2.532592520416327,3.0097284609233594,0.007321378425078184
232,2.132516801405619,2.6355993005165517,0.00708793522025053
233,2.4053670287668285,2.8729033523532714,-0.00018819781293388793
234,2.1276882893295737,2.661872081526221,0.04614308479972484
235,2.1778001094289126,2.727208408237512,0.002881653363729142
236,2.3658309571389293,2.8574942889940487,0.02345111739325889
237,2.3568640899499815,2.8914487865621004,0.009240781286274147
238,2.324917758577723,2.7955971620927804,0.018622131503389205
239,2.23818380654239,2.776563016009431,0.006618010468366853
240,2.3797732144388744,2.891211684700633,0.005506761623694234
241,2.438527860210582,2.9846696262881305,0.010792468934478827
242,2.355505619602388,2.8558261443758357,0.0065269508298783085
243,2.2739542306704683,2.729745354222007,0.009817667855167689
244,2.2610784197297753,2.7505729593211994,0.0012735735734556997
245,2.259707099213109,2.8165598296889076,0.009491516051221338
246,2.4864047314859827,2.9945265475297376,0.020728412808771135
247,2.4273422234632642,2.9805986743646744,0.017931179570620293
248,2.4132795984464424,2.9334285377165497,0.0034161007629848195
249,2.266966603827418,2.7983000139292447,0.02582455198823186
250,2.3695116659165167,2.86953555154917,0.01062744747339106
251,2.538934551352752,3.051667755480142,0.014527122644606316
252,2.408563926062641,2.922093235587826,-0.0016483860721101529
253,2.4125390315675683,2.882653903198454,0.016251640928684585
254,2.400682348283036,2.9529545416335297,0.01012486226787479
255,2.394614037767651,2.911415089295202,0.012432817240219274
256,2.435156390544979,2.9518563996296368,0.015122332950268214
257,2.3222007200101387,2.8465368414342294,0.01088194543036547
258,2.3893987628293853,2.88960585324426,0.004506668769438171
259,2.404129952964658,2.9226411876011587,0.00037006914572501604
260,2.317345010560651,2.814650828441445,0.016400240293952262
261,2.2905860433697023,2.7972046729650413,0.009616885339647774
262,2.3644270179469533,2.932084843241281,0.0037051656826365686
263,2.5562298123281098,3.123551892341287,-0.008437751905360447
264,2.2201267132038596,2.761229924362609,0.02208878922409152
265,2.6736832064809004,3.240926639132811,-0.0008749449453206992
266,2.4009436672195834,2.9752571395033627,-0.0013599804174835306
267,2.243321652939513,2.786495622686157,0.024983022688231937
268,2.3328864271735017,2.819129169350302,0.0011206419797951117
269,2.388435531191528,2.899977211564375,0.009195267828886244
270,2.4000120637329756,2.8736386274255232,0.013684683163760036
271,2.4834656149251564,2.985456053914596,0.007655593863009291
272,2.387118540322612,2.8796866790798235,0.015150502741776206
273,2.312699015400859,2.83764538507092,0.0353912868328734
274,2.338096312316225,2.86999109296898,0.020620076661929665
275,2.2530764051883865,2.7835483383929396,0.023526103039125723
276,2.4889339261342713,3.0020240018220834,0.0009480105798440608
277,2.3039671256082017,2.8025653390056817,0.015525532792125762
278,2.471836223038343,3.0299379799497808,-0.009943396090493994
279,2.483993420245101,3.029578750434623,0.00826413298562556
280,2.306026804361972,2.838913056894089,0.005198117767912569
281,2.6024996609385322,3.109388481109972,0.0009527175746485428
282,2.4555862356390663,3.018132372994425,0.024011205031812755
283,2.5008169691057094,3.0611139090906065,0.004965625417471364
284,2.4418770983334164,2.9095802186025845,0.019218107285476016
285,2.38265504627875,2.9267966862283075,-0.02206625323222533
286,2.5236905157150127,3.025774029293359,0.010119131597980724
287,2.536709521793274,3.044758741105576,0.01160619414098596
288,2.267775899099588,2.7605282353795495,0.005745043246823012
289,2.3635275963091473,2.838098183969405,0.01958951654858565
290,2.3821606618675277,2.891842209084285,0.02814572585190045
291,2.4437131570040522,2.9679671744566423,0.008374559558352201
292,2.203624774375145,2.7320908648386952,-0.0011786325437193046
293,2.3578616037229687,2.924383138721553,0.003375592058500798
294,2.3479175800261554,2.8631419727941236,0.003969244032996144
295,2.4840930161627406,2.958745363791182,-0.01896562862912443
296,2.3027313278490444,2.848088483192451,0.007319167734460841
297,2.3813898558057267,2.9131321033157396,-0.004742380866127549
298,2.4135455871665314,2.920475521806474,-0.005170316805682695
299,2.3931237294869825,2.9010093172189375,0.02598020118895228
300,2.336902129717017,2.839992807508072,-0.00922593326850274
301,2.3967919561166777,2.9287515032112923,-0.012082595256093231
302,2.442837051812625,2.933424230682791,-0.0031267982292533247
303,2.2173340782035202,2.743626023372706,0.007546888195839152
304,2.4185450938663795,2.9739491122488615,0.00966535937446511
305,2.376082419121085,2.8907322223132317,0.018863577172403723
306,2.4286144809888244,2.885825510617929,-0.002399276466602984
307,2.408681656980989,2.9142100448160524,0.007861794890566154
308,2.3118990716989205,2.849412224932864,0.027193309345151295
309,2.430701252550749,2.9653609407520434,0.007578695493170029
310,2.3723451392837096,2.845363507150538,0.01941205073277119
311,2.2038639957421258,2.7721272405196586,0.008724196782896154
312,2.4526869761455874,2.9313153573802753,0.033404636929528664
313,2.3264960038249933,2.8036846621360736,0.006165590128027865
314,2.4327851459434298,2.9675113321295807,0.009903616343877708
315,2.267934124005189,2.8106881471489182,0.014536535829424602
316,2.399168765252486,2.9676644756102175,0.00965172189324337
317,2.2905407422444655,2.801891109996981,0.007300752398985089
318,2.3258970338740292,2.9033173774550884,0.012141564698889828
319,2.347075450225705,2.8785364840923378,0.02570818834776023
320,2.403056779013638,2.9442485803829292,0.0029690541687903416
321,2.151069077875182,2.677373880131502,0.015696685513081787
322,2.423033039295398,2.9208952063110067,0.0010655046907983579
323,2.3750417715955137,2.8810003462662457,0.017590072309057625
324,2.2789046335770053,2.77688235750486,0.03871768439604817
325,2.3341755351065028,2.8450543419279524,-0.006278557537821028
326,2.440274676330701,2.979329935299688,-0.0012729256143058088
327,2.4169572818648937,2.918872036338122,-0.0019677799337078916
328,2.442998361953744,2.9400627997670474,0.012735837224865154
329,2.5391243960347603,3.147364231179824,0.005113154793908947
330,2.363595394238158,2.8838610113643943,0.018683532891239918
331,2.387422564752148,2.9237686177342144,0.027574880958281867
332,2.2756370278820053,2.7707991092869655,0.03034422571950135
333,2.4175067562834074,2.953762361463109,0.0006530962867663526
334,2.291718486557319,2.7921849375612746,0.011895688158569784
335,2.4005737055242586,2.945574776172034,0.019147709312734018
336,2.2790265755893855,2.812116626270576,0.0075301089293164924
337,2.280260757097534,2.7855538469551786,0.01675434421721622
338,2.3688284356498377,2.863495974068579,0.030198244002677677
339,2.26165521605008,2.751308973948419,0.03174904576787907
340,2.358367137738433,2.8576042409799887,0.0002185843128817977
341,2.3316180156680093,2.8762986192512985,0.007871566894451787
342,2.2480870558386314,2.7034182452015183,0.025037885705538443
343,2.4147098514418244,3.005689575675916,0.01852109256442469
344,2.4728846505395485,2.9410704402750296,-0.015656538401492615
345,2.3199035355631272,2.873542080872592,0.019518906322047558
346,2.395300297680024,2.9688155397952416,0.012482737207517691
347,2.3344104738558986,2.8897654713174195,-0.009287661213284393
348,2.4648424944237513,3.004468628722931,0.0003642164779307233
349,2.243330830641473,2.8301216598473657,0.010951523748014336
350,2.516169671998489,3.0813973662981056,0.00826711525534718
351,2.4834008235687275,3.0726479296800004,0.011189150980206009
352,2.4045323641265215,2.887940335300938,0.02416112757887512
353,2.206476193687439,2.7272991694414603,0.008206294962324945
354,2.5174208581792756,3.0589678360123407,0.005935140410228912
355,2.588293980296295,3.1194707806114153,0.004716886817766497
356,2.3185784849926145,2.8178108569485163,-0.014728418227284656
357,2.318410954336029,2.8141122504914766,0.013472283325697831
358,2.5480464466010764,3.1156132914464356,6.604503520157845e-05
359,2.3630217898593195,2.866055345562061,-0.0014933194942545747
360,2.5573156980266663,3.1544961366920528,0.0149132053176535
361,2.469960895915737,3.008955514767386,-0.0007546549089640919
362,2.3852073003069063,2.920022689291279,0.0026198003396534775
363,2.2621919274157056,2.7245386877056568,0.018506942207283106
364,2.301688329232808,2.7339740366411225,0.02766909750110591
365,2.3991661079523596,2.882864276546322,0.004000945568163661
366,2.338478646310817,2.890376063586621,0.00909214205981368
367,2.307642344889996,2.832423834871886,0.012938833670039118
368,2.291501417314063,2.846540244465013,0.005771101101174514
369,2.35130001809904,2.855169147703629,0.02202007786828941
370,2.393503366330208,2.9081944282364747,0.00783626804267068
371,2.596687537562763,3.109945390184437,0.002785583499009703
372,2.2112650030237395,2.7232173831244753,0.010821778843917773
373,2.3577757670763533,2.864875145273984,0.012639580273530626
374,2.4883798891225046,2.9717290294765624,0.011232872832707685
375,2.362561525024462,2.8693399793702814,0.01116280003954162
376,2.3668258956203148,2.859538929267428,-0.008307100760680086
377,2.3466261485381508,2.8881691337873887,0.019543326588231436
378,2.615023136384385,3.1811266489600762,0.013936379217234451
379,2.3322174797832997,2.9071533638046367,0.034140222053279046
380,2.2876131649768996,2.8528199309715117,0.00107001678474139
381,2.324307598538446,2.8930454798128302,0.009665091393846525
382,2.193843102876705,2.6936338913562223,0.018897238921421367
383,2.522481769754654,3.0914386358831467,-0.012480918922257445
384,2.282324623371476,2.8607383751843796,-0.004711445299853345
385,2.273585650300371,2.8180120350177154,-0.008241361324203167
386,2.27739342228961,2.878325998817637,0.02893490362356599
387,2.2702930661133935,2.806841622029546,0.01932162814840921
388,2.3291265166080772,2.91405559320698,0.029415956987770664
389,2.338372720641804,2.8799672755939647,0.006917799001580405
390,2.446710916565076,2.969630568383114,0.02018909571597738
391,2.237293029122277,2.782077486359152,0.03265824511472604
392,2.2884676299228977,2.9017896077328045,0.002416864856032097
393,2.312068656229016,2.8287785897226025,0.01866998345936266
394,2.123748527432161,2.67819496040602,-0.0018657486610000884
395,2.5951383478398773,3.121900180845352,0.004004567412206561
396,2.5134028532361157,3.031629122302484,0.011523102311289835
397,2.5891598409680765,3.1221551907243223,0.00841754799087957
398,2.372901201746274,2.9888667022563413,-0.007506893160957873
399,2.3170041666045718,2.8575924523151874,-0.01080034234734617
400,2.3000688079989344,2.8129712207777944,0.025589369155539443
401,2.248548144228738,2.7800958944670358,0.011613687290277785
402,2.553878028568478,3.0404152235164603,-0.010514348162399045
403,2.2038651071632294,2.7444149006896215,0.00023276087104950882
404,2.311292689272786,2.8307597359888113,0.003040793767827066
405,2.320421732843171,2.8292015213012602,-0.008070469400690339
406,2.3240524992623137,2.8520618827870368,0.018555913054924655
407,2.182945202091894,2.7455910479446612,0.012144441170351405
408,2.5024329565686854,3.048256374001752,-0.0041941363504831575
409,2.4118413591329517,2.9913940527927165,0.00425879486750369
410,2.5542229082045584,3.03992560134012,0.006644918237507902
411,2.285806099856535,2.7865608737009517,0.00013777895784461425
412,2.2146256773749275,2.7156876322510732,0.02757653728080156
413,2.493151124840114,3.0832752478725958,-0.011358090546562893
414,2.2405547811422917,2.7611406434798735,0.0003627058767424751
415,2.389184738232974,2.91677115838616,0.0059893777358049904
416,2.4846449399531405,3.051070231264252,0.006294586208399511
417,2.219772192038092,2.7582657672108204,0.016997376016218757
418,2.400319748741524,2.937119769973277,0.012176130221333792
419,2.273700891139172,2.767826602472019,-0.0002308943128725982
420,2.3392467250022757,2.81093774386819,0.034919529417451356
421,2.4672663359766127,2.9362626170073507,0.006244694027723763
422,2.2712227334171398,2.8065315188816338,0.023434426147987297
423,2.324339713084987,2.8540227887551946,2.571638588777514e-05
424,2.3963855562806295,2.9247228697140635,-0.013491076488004738
425,2.4193697451978142,2.9414886796285007,0.02552581044027391
426,2.3105658553202617,2.8566596440113865,0.02160534028383565
427,2.233683165742756,2.803787920630105,0.0018149855061694309
428,2.2435069990168035,2.7300904489937516,0.012365809917514792
429,2.505969333382343,3.0531220490621065,-0.001356457411560541
430,2.2240564674217342,2.719837366576384,0.02899561698947617
431,2.3988359855093218,2.882878904648198,0.010568831200647777
432,2.4703266733342826,3.0169411370005883,0.008317820274304277
433,2.443426128844848,2.992469386588167,-0.0030493720328894636
434,2.5144179028683724,3.023501613296399,-0.007720243435856533
435,2.3299089486463482,2.8584328869869964,0.012416390824781187
436,2.3747829757324963,2.876081128564557,0.0011920774812123058
437,2.104054821448931,2.645892029094346,0.02404500081042671
438,2.3871521343041975,2.9490163578282957,0.0035540218749186003
439,2.2785913639047286,2.764976068760843,-0.022130520569332734
440,2.3893471611578994,2.9060995552225255,0.020859314246298166
441,2.4291073838510724,2.93269516817008,0.01006334653426022
442,2.673978109763242,3.2139358800844056,-0.0048047071120373985
443,2.404824534638385,2.9225651039261216,0.012088003527776725
444,2.4622645165655306,3.012706216439555,0.020536895073038575
445,2.637723444495168,3.1617547549998384,0.007250136238766358
446,2.122518405241153,2.6377828316851537,0.011632320048785783
447,2.3738166979415474,2.8869639304673425,0.02454719365925473
448,2.32983910818652,2.806247342333042,0.01628155126321429
449,2.257825353598015,2.7978718335485513,0.017343568559318068
450,2.425744180857718,2.9331433470247674,0.01995582231702564
451,2.137732674197818,2.6579217843203664,0.007716070129037189
452,2.3863976193204697,2.9203663447989427,0.019000827246204777
453,2.299781177786831,2.8241993086746287,0.011561281130144652
454,2.5063150064238666,3.0385046003868106,-0.057566543446984975
455,2.3262086114471545,2.794813854705134,0.0136226588850904
456,2.451778514314744,2.9614961055761357,0.011734222084306412
457,2.2250934321218647,2.784980119727765,0.029326638225159796
458,2.4980026944808253,2.9705293739371053,0.01682408960888737
459,2.36553307954316,2.831442525472062,0.013050743208896654
460,2.3172155393634717,2.8267779429160633,-0.020896206878526558
461,2.3967939140156487,2.8989402126710404,0.0014922664704325461
462,2.461424639398279,2.9715793453086543,0.008807747714662417
463,2.435866427766004,2.93984572923543,0.02260495286598385
464,2.1965975612281237,2.638901840869267,0.003614652741786406
465,2.3613497723748593,2.855698725678007,0.007997460270753542
466,2.5424984775591186,3.0929744370946053,-0.0032468369520453066
467,2.2725997168153156,2.8141905275686003,0.00866544478912279
468,2.2692279158278748,2.813181169089482,0.034660685373214095
469,2.543209518890031,3.056851522929209,-0.0016467225610117264
470,2.4039295358781456,2.9551974812671573,0.030232545663997357
471,2.317431046452516,2.880529294959371,0.013275260576178338
472,2.33263811898585,2.8263482986347914,0.01513231369829715
473,2.593116340544818,3.1559978700425586,0.0010147544489307325
474,2.419194498298121,2.903003656223079,-0.0029856524311524524
475,2.3624273032201493,2.8640087795033615,0.02773351480865005
476,2.4406690978911194,2.972591940305989,0.002982830211765264
477,2.5948696041974615,3.1387008188523686,-0.0022812212242253604
478,2.6184821439811468,3.221292470751376,0.029536131437148283
479,2.168060101714694,2.67485715082797,0.018291080865986076
480,2.324163922691166,2.8069363934098237,0.0170297043107418
481,2.142467227375566,2.6690804078142483,0.034303563890661026
482,2.362420109157647,2.9062948806795683,0.008426849298759698
483,2.329262540899625,2.8380270510492145,0.004198019465926017
484,2.106390852056655,2.620171856679568,0.015585501702571003
485,2.419031892073989,2.9435131538094286,0.02436712362000304
486,2.4222378321934612,2.9367211998956377,0.00564367188695758
487,2.413229429337276,2.966826789373439,0.002880806504503952
488,2.5263809346997372,3.011367410867548,0.01606535950772603
489,2.394530508816293,2.9548924503312373,0.018670716855501812
490,2.6139511635505337,3.0718892847790613,0.022995063807857763
491,2.7056926187367507,3.266288959856629,0.006999374010693282
492,2.3568552180533477,2.9022627242102668,-0.001376736153449798
493,2.397028487239463,2.8683103956249423,0.006761104271703733
494,2.285329042227183,2.779439899286447,0.018054252973895846
495,2.335696891568662,2.7977358105805203,0.014262085939658609
496,2.247556049217879,2.765308567179578,0.012742815438543276
497,2.308488051490272,2.8618359499832584,-0.007141445013552072
498,2.320925318916607,2.8218049977275976,0.02566949374019678
499,2.3558487015592378,2.8751709880692204,0.033614302924903416
